,ProductUrl,ProductName,Brand,Price,Ratings,NumberofRatings
0,https://www.manomano.fr/perceuse-1146/p/perceuse-visseuse-makita-18-v-li-ion-3-ah-13-mm-ddf453sfe-1442269,"Perceuse visseuse MAKITA 18V 3.0Ah + 2 Batteries, chargeur, en coffret - DDF453SFE",MAKITA,€166.48,4.46/5,2571
1,https://www.manomano.fr/perceuse-1146/p/perceuse-visseuse-a-percussion-18-v-li-ion-1-3-ah-diam-13-mm-kit-daccessoires-makita-hp457dx100-524190,"Perceuse visseuse à percussion 18V (2x 1,5Ah) avec kit accessoires dans coffret synthétique - MAKITA HP457DWE10",MAKITA,€136.79,4.39/5,1457
2,https://www.manomano.fr/perceuse-1146/p/perceuse-visseuse-a-percussion-18v-2x20ah-en-coffret-bosch-gsb-18v-55-24354693?product_id=28258757,"Perceuse visseuse à percussion 18V (2x2,0Ah) en coffret - BOSCH GSB 18V-55",BOSCH,€189.90,4.61/5,134
3,https://www.manomano.fr/perceuse-1146/p/tournevis-sans-fil-perceuse-sans-fil-batterie-21v-lithium-ion-tournevis-24-set-avec-2-batteries-15-ah-40923600?product_id=40298413,Tournevis sans fil Perceuse sans fil Batterie 21V Lithium-Ion Tournevis 24 Set avec 2 Batteries 1.5 Ah,OULIGAY,€44.09,4.2/5,10
4,https://www.manomano.fr/perceuse-1146/p/perc-viss-18v-d13-mm-39233835,Makita Perceuse-visseuse sans fil 18 V DDF482Z / sans batterie ni chargeur,MAKITA,€67.29,4.45/5,184
5,https://www.manomano.fr/perceuse-1146/p/perceuse-visseuse-sans-fil-teeno-psr-21v-2-batteries-lithium-41-accessoires-gants-professionnels-9259885,Perceuse visseuse sans fil TEENO PSR 21V + 2 batteries lithium + 41 accessoires + gants professionnels - Rouge,TEENO,€61.99,4.02/5,1856
6,https://www.manomano.fr/perceuse-1146/p/teeno-perceuse-visseuse-sans-fil-21v2-batteries2-vitesses21-accessoires-perceuse-et-deux-batteries-19382133?product_id=23114296,"TEENO Perceuse visseuse sans fil 21V,1 Batteries,2 Vitesses,21 Accessoires (Perceuse et Une batterie)",TEENO,€52.99,3.97/5,286
7,https://www.manomano.fr/perceuse-1146/p/perceuse-a-percussion-sans-fil-20v-avec-mallette-et-54-accessoires-2-batteries-2ah-et-moteur-brushless-nemura-48009860?product_id=49357086,Perceuse à Percussion Sans Fil 20V avec Mallette et 54 Accessoires - 2 Batteries 2Ah et Moteur Brushless - Nemura,NEMURA,€69.99,4.5/5,2
8,https://www.manomano.fr/perceuse-1146/p/perceuse-visseuse-m18cbldd-502c-milwaukee-4933464556-9833597,Perceuse visseuse M18CBLDD-502C MILWAUKEE - 4933464556,MILWAUKEE,€244.99,4.47/5,146
9,https://www.manomano.fr/perceuse-1146/p/perceuse-visseuse-metabo-bs-18-set-2-batteries-18v-20ah-chargeur-coffret-atelier-mobile-602207880-34310566,"Perceuse visseuse METABO BS 18 Set + 2 batteries 18V 2.0Ah, chargeur + Coffret Atelier mobile - 602207880",METABO,€151.98,4.46/5,608
10,https://www.manomano.fr/perceuse-1146/p/perceuse-visseuse-a-percussion-sans-fil-teeno-psr-21v-2-vitesses-2-batteries-lithium-20-accessoires-gants-professionnels-9259886,Perceuse visseuse a percussion sans fil TEENO PSR 21V + 2 Vitesses + 2 batteries lithium + 20 accessoires + gants professionnels - Rouge,TEENO,€61.99,3.96/5,923
11,https://www.manomano.fr/perceuse-1146/p/teeno-perceuse-visseuse-a-percussion-sans-fil-20v-a-2-vitesses-avec-marteau-et-2-batteries-lithium-ion-20-ah-mandrin-metal-13mm-max-couple-45n-m-charge-rapide-1h-12975240,"TEENO Perceuse Visseuse à Percussion Sans Fil 20V à 2 Vitesses avec Marteau et 2 Batteries Lithium-ion (2,0 Ah), Mandrin Métal 13mm Max Couple 45N. m, Charge Rapide 1h - Rouge",TEENO,€69.,3.99/5,713
12,https://www.manomano.fr/perceuse-1146/p/perceuse-visseuse-compacte-dewalt-18v-50ah-xr-2-batteries-chargeur-en-coffret-dcd791p2-34778891,"Perceuse visseuse compacte DEWALT 18V 5.0Ah XR + 2 batteries, chargeur en coffret - DCD791P2",Unknown,€272.99,4.58/5,229
13,https://www.manomano.fr/perceuse-1146/p/perceuse-visseuse-hikoki-18v-2-batteries-30-ah-chargeur-coffret-ds18djlwbz-40223977,"Perceuse visseuse HIKOKI 18V - 2 batteries 3.0 Ah, chargeur, coffret - DS18DJLWBZ",HIKOKI,€118.16,4.28/5,265
14,https://www.manomano.fr/perceuse-1146/p/makita-perceuse-visseuse-a-percussion-produit-seul-dhp458z-31758275,Perceuse à percussion 18V Li-Ion LXT (machine seule) - MAKITA DHP458Z,MAKITA,€109.90,4.38/5,104
15,https://www.manomano.fr/perceuse-1146/p/makita-perceuse-visseuse-sans-fil-2-batterie-18-v-3-ah-chargeur-rapide-coffret-ddf482rfj-30925877,"Perceuse visseuse 18V Li-Ion (2x3,0 Ah) en coffret Makpac - Makita DDF482RFJ",MAKITA,€199.93,4.43/5,167
16,https://www.manomano.fr/perceuse-1146/p/perceuse-a-percussion-makita-710w-kit-accessoires-hp1631kx3-36228852,Perceuse à percussion MAKITA - 710W + kit accessoires - HP1631KX3,MAKITA,€103.45,4.27/5,193
17,https://www.manomano.fr/perceuse-1146/p/teeno-perceuse-visseuse-sans-fil-21v2-batteries2-vitesses21-accessoires-perceuse-et-deux-batteries-19382133?model_id=19380134,"TEENO Perceuse visseuse sans fil 21V,1 Batteries,2 Vitesses,21 Accessoires (Perceuse et Une batterie)",TEENO,€45.99,3.97/5,286
18,https://www.manomano.fr/perceuse-1146/p/perceuse-visseuse-makita-18v-li-ion-5ah-13-2-batteries-chargeur-ddf485rtj-9575187?model_id=49415255,Perceuse visseuse Brushless 18V Li-Ion 2 batteries 5Ah BL1850B Ø 13 mm - Makita – DDF485RTJ,MAKITA,€259.,4.56/5,117
19,https://www.manomano.fr/perceuse-1146/p/perceuse-visseuse-a-percussion-ryobi-2-vitesses-18v-oneplus-2-batteries-lithiumplus-40-ah-et-15-ah-1-chargeur-r18pd3-2415bta55-25915872,"Perceuse-visseuse à percussion RYOBI 2 vitesses 18V ONEPLUS - 2 Batteries LithiumPlus 4,0 Ah et 1,5 Ah - 1 chargeur R18PD3-2415BTA55",RYOBI,€179.57,4.56/5,64
20,https://www.manomano.fr/perceuse-1146/p/makita-perceuse-visseuse-a-percussion-18v-5ah-dhp482rtj-3056247,Perceuse à percussion 18V Li-Ion (2x5.0 Ah) - MAKITA DHP482RTJ,MAKITA,€289.90,4.47/5,83
21,https://www.manomano.fr/perceuse-1146/p/bosch-professional-perceuse-visseuse-sans-fil-gsr-18v-55-sans-batterie-ni-chargeur-06019h5202-40674239,Bosch Professional Perceuse-visseuse sans fil GSR 18V-55 (sans batterie ni chargeur) - 06019H5202,BOSCH,€79.,4.45/5,42
22,https://www.manomano.fr/perceuse-1146/p/perceuse-visseuse-makita-18v-li-ion-40ah-2-batteries-chargeur-en-coffret-ddf482rmj-13519888,Perceuse visseuse 18V Li-Ion (2x4Ah) Ø13mm dans coffret Makpac - MAKITA DDF482RMJ,MAKITA,€248.39,4.34/5,140
23,https://www.manomano.fr/perceuse-1146/p/visseuse-a-chocs-sans-fil-bosch-professional-06019g5106-18-v-li-ion-sans-batterie-1-pcs-11290703?model_id=73146,"Bosch GDR 18 V-160 Visseuse à chocs sans fil avec douille haxagonale 1/4"" + Insert L-Boxx - sans Batterie, sans Chargeur ni Coffret de transport ( 06019G5106 )",BOSCH,€85.,4.02/5,51
24,https://www.manomano.fr/perceuse-1146/p/perceuse-visseuse-a-percussion-18-v-li-ion-13-mm-machine-seule-makita-dhp482z-1443119,Perceuse visseuse à percussion 18 V Li-Ion Ø 13 mm (machine seule) - MAKITA DHP482Z,MAKITA,€73.69,4.25/5,105
25,https://www.manomano.fr/perceuse-1146/p/perceuse-visseuse-a-percussion-sans-fil-ouligay-21v-1-batteries-chargeur-2-vitesses-40923582,"Perceuse visseuse a percussion sans fil OULIGAY 21V + 1 Batteries, chargeur, 2 Vitesses",OULIGAY,€40.49,3.64/5,14
26,https://www.manomano.fr/perceuse-1146/p/perceuse-visseuse-a-percussion-dewalt-18v-50ah-xr-2-batteries-chargeur-en-coffret-dcd796p2-1378705,Perceuse à percussion,Unknown,€199.90,4.59/5,34
27,https://www.manomano.fr/perceuse-1146/p/bosch-gsr-18v-28-perceuse-visseuse-a-percussion-a-batteries-18v-li-ion-machine-seule-63nm-5484854?model_id=5484854,Perceuse Bosch GSR 18V-28 2Ah,BOSCH,€86.90,4.48/5,158
28,https://www.manomano.fr/perceuse-1146/p/perceuse-visseuse-a-percussion-makita-18v-li-ion-13ah-en-malette-alu-kit-daccessoires-hp457dwex4-85080,"Perceuse visseuse à percussion 18V Li-Ion 1,3 Ah dans coffret alu - MAKITA HP457DWEX4",MAKITA,€198.51,4.49/5,396
29,https://www.manomano.fr/perceuse-1146/p/perceuse-visseuse-percussion-18v-50ah-dv18dbsl-hikoki-2-batteries-chargeur-coffret-alu-100-accessoires-kc18dvz-36616427,Perceuse visseuse percussion 18V 5.0Ah DV18DBSL HIKOKI - 2 batteries + chargeur + coffret alu 100 accessoires - KC18DVZ,HIKOKI,€896.88,4.27/5,92
30,https://www.manomano.fr/perceuse-1146/p/perceuse-visseuse-a-percussion-18v-50ah-hitachi-dv18dbslwj-4992669,Perceuse visseuse à percussion 70Nm HIKOKI 18V 5.0Ah induction - 2 batteries + chargeur en coffret - DV18DBSLWJZ,HIKOKI,€217.86,4.5/5,532
31,https://www.manomano.fr/perceuse-1146/p/bosch-professional-perceuse-visseuse-sans-fil-gsr-1215-v-3-batteries-2-a-l-boxx-premium-edition-0615990gs8-6562008?model_id=6437909,BOSCH Perceuse percu GSB12V-15 2Ah set +36 accessoires - 0615990GB1,BOSCH,€86.,4.52/5,205
32,https://www.manomano.fr/perceuse-1146/p/perceuse-visseuse-sans-fil-18v-hychika-2000mah-visseuse-devisseuse-sans-fil-35-nm-percussion-sans-fil-21-1-reglages-de-couple-2-vitesses-1h-chargeur-rapide-led-integree-22-accessoires-28154592,"Visseuse Devisseuse Sans Fil 18V/20V, HYCHIKA 2000mAh Perceuse Visseuse Sans Fil, 35 Nm Percussion Sans Fil, 21+1 Réglages de Couple & 2 Vitesses, 1H Chargeur Rapide, LED Intégrée, 22 Accessoires",HYCHIKA,€56.99,4.08/5,25
33,https://www.manomano.fr/perceuse-1146/p/perceuse-visseuse-a-percussion-18-v-li-ion-4-ah-13-mm-makita-dhp482rmj-1443118,Perceuse à percussion 18V Li-Ion (2x4.0 Ah) en coffret - MAKITA DHP482RMJ,MAKITA,€252.79,4.64/5,107
34,https://www.manomano.fr/perceuse-1146/p/ryobi-perceuse-visseuse-2-vitesses-18v-one-sans-batterie-ni-chargeur-r18ddp2-0-46209669,Perceuse-visseuse RYOBI 18V OnePlus sans batterie ni chargeur R18DDP2-0,RYOBI,€69.48,4.52/5,29
35,https://www.manomano.fr/perceuse-1146/p/perceuse-visseuse-a-percussion-dewalt-dcd796p1-18v-xr-brushless-1-x-50ah-3776567,"Perceuse visseuse à percussion BL 18V Li-Ion (1x 5,0Ah) dans coffret T-STAK - DEWALT DCD796P1",Unknown,€209.90,4.71/5,21
36,https://www.manomano.fr/perceuse-1146/p/perceuse-visseuse-sans-fil-20v-livree-avec-2-batteries-15-ah-malette-avec-54-accessoires-nemura-48009843,"Perceuse Visseuse 20V Livrée - 2 Batteries 1,5 Ah - Malette avec 54 Accessoires - Nemura",NEMURA,€64.99,4.5/5,4
37,https://www.manomano.fr/perceuse-1146/p/perceuse-visseuse-makita-18v-li-ion-13-mm-sans-batterie-ni-chargeur-ddf484z-6571265,Perceuse visseuse 18V Li-Ion Ø13mm (Machine seule) - MAKITA DDF484Z,MAKITA,€103.67,4.53/5,19
38,https://www.manomano.fr/perceuse-1146/p/perceuse-visseuse-festool-108v-cxs-set-564532-2153742,Perceuse visseuse 10.8V CXS LI 2.6-Set 10mm FESTOOL + 2 batteries - 576093,FESTOOL,€274.78,4.72/5,29
39,https://www.manomano.fr/perceuse-1146/p/einhell-perceuse-visseuse-sans-fil-te-cd-18-50-li-bl-solo-power-x-change-18v-couple-50-nm-engrenage-a-2-vitesses-moteur-sans-charbon-softgrip-livre-sans-batterie-ni-chargeur-22572741?model_id=22562994,"Einhell Perceuse-visseuse sans fil TE-CD 18/50 Li BL Solo Power X-Change (18V, Couple 50 Nm, engrenage à 2 vitesses, moteur sans charbon, Softgrip) Livré sans Batterie ni Chargeur",EINHELL,€79.95,3.8/5,5
40,https://www.manomano.fr/perceuse-1146/p/perceuse-a-percussion-18v-50ah-dv18dbslwjz-hikoki-coffret-alu-accessoires-100-pieces-batterie-chargeur-mallette-dv18dbslwjzacc-36436794,Perceuse à percussion 18V 5.0Ah DV18DBSLWJZ HIKOKI - coffret alu accessoires 100 pièces - batterie + chargeur + mallette - DV18DBSLWJZACC,HIKOKI,€896.88,4.14/5,51
41,https://www.manomano.fr/perceuse-1146/p/perceuse-visseuse-a-percussion-gsb-12v-15-bosch-2-batt2ah-charg20-06019b690h-47182133?model_id=12281135,Perceuse visseuse à percussion GSB 12V-15 BOSCH - 2 Batt.2Ah + charg.20 - 06019B690H,Unknown,€124.68,4.39/5,71
42,https://www.manomano.fr/perceuse-1146/p/makita-akku-schlagbohrschrauber-18v-dhp482rf3j-perceuse-visseuse-a-percussion-sans-fil-30-ah-3-batteries-accessoi-30821099,"Makita Perceuse percussion sans fil 18 V DHP482RF3J / 3x batterie 3,0 Ah Makpac",MAKITA,€234.51,4.43/5,28
43,https://www.manomano.fr/perceuse-1146/p/perceuse-visseuse-milwaukee-m18-bdd-402c-2-batteries-18v-40ah-1-chargeur-m12-18c-4933443565-38891128,"Perceuse visseuse MILWAUKEE M18 BDD-402C 18V + 2 batteries 4.0Ah, chargeur, en coffret - 4933443565",Unknown,€199.,4.3/5,101
44,https://www.manomano.fr/perceuse-1146/p/makita-dmr115-radio-de-chantier-108v-18v-fm-dab-et-dab-woofer-ip65-bluetooth-15407342,Makita Radio de chantier sans fil DMR112 / sans batterie ni chargeur,MAKITA,€149.61,4.49/5,111
45,https://www.manomano.fr/perceuse-1146/p/perceuse-a-percussion-compacte-brushless-m18-cblpd-422c-avec-2-batteries-en-coffret-16761268,Perceuse à percussion M18 CBLPD-422C + 2 Batteries + Chargeur + Coffret MILWAUKEE - 4933472116,Unknown,€219.77,4.6/5,5
46,https://www.manomano.fr/perceuse-1146/p/laser-3-croix-360-bosch-gll-3-80-livre-en-coffret-0601063s00-5553995,BOSCH laser auto 3 plans portée 30 m GLL3-80 (coffret) - 0601063S00,BOSCH,€329.16,4.51/5,127
47,https://www.manomano.fr/perceuse-1146/p/dewalt-perceuse-visseuse-li-ion-18v-xr-dcd791nt-solo-1505813,"Perceuse-Visseuse - Brushless - 18 V - Sans Batterie - XR - DEWALT, DCD791NT-XJ",DEWALT,€154.17,4.7/5,20
48,https://www.manomano.fr/perceuse-1146/p/perceuse-visseuse-fuel-a-mandrin-amovible-m12-fddxkit-202x-milwaukee-4933464979-48387076,"Perceuse visseuse à mandrin amovible M12 FUEL avec 2 batteries 2Ah, chargeur, en coffret - Milwaukee M12 FDDXKIT-202X",Unknown,€269.90,4.7/5,23
49,https://www.manomano.fr/perceuse-1146/p/visseuse-perceuse-bosch-108v-li-ion-gsr-108-2-li-lithium-nue-sans-batterie-1142576,"Visseuse perceuse BOSCH 10,8V / 12V li-ion GSR 10,8-2-LI lithium nue sans batterie",BOSCH,€59.,4.37/5,68
50,https://www.manomano.fr/perceuse-1146/p/black-decker-bdcdd186k-perceuse-visseuse-2-vitesses-sans-fil-18v-batterie-3616512,Perceuse/visseuse 18V 2 vitesses Coffret BLACK+DECKER BDCDD186K-QW,BLACK & DECKER,€91.09,3/5,1
51,https://www.manomano.fr/perceuse-1146/p/perceuse-visseuse-a-percussion-teeno-916-2x20v-20ah-69-accessoires-14307908,"Perceuse visseuse à percussion TEENO-916 - 2x20V - 2,0Ah - 69 accessoires",TEENO,€76.,4.12/5,255
52,https://www.manomano.fr/perceuse-1146/p/marteau-perforateur-710w-blackdecker-8000938,Perceuse à percussion filaire 710W Black+Decker BEH710K-QS,BLACK & DECKER,€51.,4.51/5,35
53,https://www.manomano.fr/perceuse-1146/p/metabo-set-perceuse-a-percussion-sans-fil-sb-18-602245880-5216185?model_id=6231879,METABO perceusse percussion SB18 + atelier mobile + 2batteries 2Ah,METABO,€206.10,4.54/5,213
54,https://www.manomano.fr/perceuse-1146/p/einhell-perceuse-visseuse-sans-fil-te-cd-18-2-li-kit-6081371,"Einhell Perceuse Visseuse sans fil sur batterie TE-CD 18/2 Li Kit Power X-Change (18 V, Couple : 44 Nm, Temps de charge : 30 min) Livré avec 2 Batteries 1,5Ah et Chargeur",EINHELL,€99.95,4.39/5,23
55,https://www.manomano.fr/perceuse-1146/p/bosch-professional-perceuse-a-percussion-gsb-16-re-750-watt-avec-un-jeu-daccessoires-de-100-pieces-27525521,"Perceuse à percussion GSB 16 RE, 750 watts, avec ensemble d'accessoires de 100 pièces Bosch Professional",BOSCH,€108.99,4.36/5,14
56,https://www.manomano.fr/perceuse-1146/p/perceuse-a-percussion-stanley-fatmax-sfmcd721d2k-2-x-20-ah-chargeur-coffret-33615128,"Perceuse à percussion sans fil 18V 80 Nm 35700cps/min Gamme FATMAX V20 SFMCD721D2K-QW - Livré avec 1 Mallette, 2 batteries 2 Ah et 1 chargeur 2 Ah",STANLEY,€203.33,5/5,5
57,https://www.manomano.fr/perceuse-1146/p/perceuse-visseuse-18v-li-ion-3x30ah-13mm-makita-ddf453sfe3-1322315,Visseuse-perceuse MAKITA - 18 V + 3 Batteries + chargeur,MAKITA,€307.50,4.55/5,97
58,https://www.manomano.fr/perceuse-1146/p/perceuse-visseuse-a-percussion-compact-brushless-18-v-xr-dewalt-dcd795d2-qw-41162364,"Perceuse-Visseuse à Percussion Compact - Brushless - 18 V - XR - DEWALT, DCD795D2-QW",DEWALT,€259.52,4.53/5,15
59,https://www.manomano.fr/perceuse-1146/p/kit-2-outils-bosch-pro-perceuse-visseuse-gsr-18v-28-boulonneuse-gdx-18v-180-2-batteries-4ah-chargeur-l-boxx-40225141,"KIT 2 OUTILS BOSCH PRO : Perceuse-visseuse GSR 18V-28 + Boulonneuse GDX 18V-180, 2 batteries 4Ah, chargeur, L-BOXX",BOSCH,€349.,3/5,2
60,https://www.manomano.fr/perceuse-1146/p/pack-cadeau-perceuse-visseuse-a-percussion-makita-18v-62nm-dhp482-2-batt-3-ah-30-embouts-de-vissage-18-forets-d-46202-sac-edition-limitee-27074737,Pack cadeau Perceuse visseuse à percussion Makita 18V 62Nm DHP482 + 2 batt 3 Ah + 30 embouts de vissage + 18 forets D-46202 + sac Edition Limitée,MAKITA,€256.20,4.74/5,35
61,https://www.manomano.fr/perceuse-1146/p/black-decker-perceuse-visseuse-sans-fil-bdcdc18-qw-avec-batterie-li-ion-chargeur-15-ah-18-v-3303857,"BDCDC18K-QW Perceuse-Visseuse sans fil 18V 1,5 Ah - 1 batterie - Chargeur inclus - Livrée en coffret - Compacte et légère",BLACK & DECKER,€69.84,4.33/5,3
62,https://www.manomano.fr/perceuse-1146/p/perceuse-visseuse-makita-18v-li-ion-a13-mm-sans-batterie-ni-chargeur-ddf484z-24688314,Makita Perceuse visseuse 18V Li Ion �13mm (Machine seule) DDF484Z,MAKITA,€103.67,4.58/5,26
63,https://www.manomano.fr/perceuse-1146/p/perceuse-a-percussion-sans-fil-te-cd-18-50-li-i-bl-2x20ah-19355133?model_id=19353134,Einhell 4513942 - Perceuse à percussion sans fil TE-CD 18/50 Li-i BL Solo,EINHELL,€92.95,4.41/5,17
64,https://www.manomano.fr/perceuse-1146/p/perceuse-visseuse-sans-fil-cxs-26-plus-festool-576092-23550892,Perceuse-visseuse sans fil CXS 2.6-Plus FESTOOL - 576092,FESTOOL,€228.21,4.69/5,13
65,https://www.manomano.fr/perceuse-1146/p/black-decker-bdch188n-perceuse-a-batterie-sans-fil-a-percussion-18v-1695620,Perceuse à percussion 18V (sans batterie) Black+Decker BDCH188N-XJ,BLACK & DECKER,€64.40,4.67/5,3
66,https://www.manomano.fr/perceuse-1146/p/metabo-perceuse-visseuse-sans-fil-de-108-volts-powermaxx-bs-basic-mobile-1540283,"Metabo Perceuse sans fil 10,8 V PowerMaxx BS / 2x batteries 2.0Ah avec coffret outils",METABO,€113.43,4.33/5,30
67,https://www.manomano.fr/perceuse-1146/p/perceuse-visseuse-filaire-1100w-livree-en-coffret-black-decker-kr1102k-qs-36015557,Perceuse Visseuse Filaire 1100W Livrée en Coffret BLACK+DECKER KR1102K-QS,BLACK & DECKER,€115.83,3.75/5,4
68,https://www.manomano.fr/perceuse-1146/p/perceuse-visseuse-18v-li-ion-bl-machine-seule-makita-ddf485z-30985567?model_id=9431216,Makita Perceuse-visseuse sans fil 18 V DDF485Z / sans batterie ni chargeur,MAKITA,€87.78,4.14/5,22
69,https://www.manomano.fr/perceuse-1146/p/visseuse-sans-fil-perceuse-12v-batterie-chargeur-rapide-et-2-embouts-de-vissage-inclus-10708013?model_id=10708013,"Perceuse-visseuse sans fil | Perceuse – 12V – 1 batterie 1.3Ah, chargeur rapide et 2 mandrins inclus",VONROC,€41.95,4.33/5,88
70,https://www.manomano.fr/perceuse-1146/p/perceuse-visseuse-ryobi-18v-oneplus-2-batteries-lithiumplus-20ah-et-50ah-chargeur-rapide-20ah-r18dd3-252s-5734779,Perceuse-visseuse RYOBI 18V OnePlus 2 batteries LithiumPlus 2.0Ah et 5.0Ah - chargeur rapide 2.0Ah R18DD3-252S,RYOBI,€179.49,4.6/5,20
71,https://www.manomano.fr/perceuse-1146/p/black-decker-bl186k-perceuse-visseuse-brushless-18v-coffret-4331197,Perceuse BRUSHLESS 18V 1.5Ah coffret BLACK+DECKER BL186K-QW,BLACK & DECKER,€119.63,4.6/5,5
72,https://www.manomano.fr/perceuse-1146/p/dewalt-dcd796-perceuse-visseuse-percussion-18v-sans-batterie-brushless-70nm-3562929,DEWALT DCD796 PERCEUSE VISSEUSE PERCUSSION 18v sans batterie brushless 70Nm,Unknown,€109.,4/5,11
73,https://www.manomano.fr/perceuse-1146/p/makita-ddf482rtj-set-perceuse-visseuse-li-ion-18v-2x-batterie-50ah-dans-makpac-62nm-40190954?model_id=3081087,Perceuse visseuse 18V Li-Ion (2x5.0 Ah) Ø13mm dans coffret Makpac - MAKITA DDF482RTJ,MAKITA,€296.58,4.3/5,73
74,https://www.manomano.fr/perceuse-1146/p/perceuse-visseuse-sans-fil-teeno-2x1500mah-batteries-21v-perceuse-a-percussion-sans-fil-18-reglages-de-couple2-vitesses-visseuse-devisseuse-sans-fil-25-accessoires-47485859,"Perceuse Visseuse Sans Fil, TEENO 2x1500mAh Batteries 21V ,Perceuse à percussion Sans Fil, 18 Réglages de Couple,2 Vitesses Visseuse Devisseuse Sans Fil, 25 Accessoires",TEENO,€62.99,4.22/5,9
75,https://www.manomano.fr/perceuse-1146/p/perceuse-visseuse-sans-fil-12-v-max-tension-nominale-de-108-v-15-ah-2-batteries-100-accessoires-bdcdd12bafc-qw-33880571,"Perceuse-Visseuse sans fil - 12 V max (= tension nominale de 10,8 V) - 1,5 Ah - 2 batteries - 100 accessoires (BDCDD12BAFC-QW)",BLACK & DECKER,€91.14,4/5,11
76,https://www.manomano.fr/perceuse-1146/p/makita-dlx2131jx-pack-doutils-li-ion-18v-perceuse-visseuse-a-percussion-dhp482-visseuse-a-choc-dtd152-11156018,Makita DLX2131JX - Pack d'outils Li-Ion 18V - Perceuse visseuse à percussion (DHP482) & visseuse à choc (DTD152),MAKITA,€349.99,4.25/5,36
77,https://www.manomano.fr/perceuse-1146/p/perceuse-visseuse-sans-fil-makita-ddf485z-18-v-9431216,Perceuse visseuse 18V Li-Ion BL Ø13 mm (Machine seule) - MAKITA DDF485Z,MAKITA,€89.90,4.06/5,34
78,https://www.manomano.fr/perceuse-1146/p/perceuse-visseuse-a-percussion-fuel-3gen-18v-50ah-135nm-m18-fpd2-502x-milwaukee-4933464264-48387062?model_id=6244250,Perceuse visseuse à percussion Fuel 3GEN 18V 5.0Ah 135Nm M18 FPD2-502X MILWAUKEE - 4933464264,Unknown,€203.99,4.61/5,122
79,https://www.manomano.fr/perceuse-1146/p/perceuse-18v-2-batteries-15ah-chargeur-1a-black-decker-bdcdc18k1b-qw-32303604,"Perceuse 18V 2 batteries 1,5Ah + chargeur 1A Black+Decker BDCDC18K1B-QW",BLACK & DECKER,€101.73,No Ratings,0
80,https://www.manomano.fr/perceuse-1146/p/perceuse-visseuse-gsr-18v-150-c-bosch-06019j5002-39032102?model_id=39083308,perceuse viss gsr18v-150,BOSCH,€295.98,No Ratings,0
81,https://www.manomano.fr/perceuse-1146/p/perceuse-visseuse-a-percussion-18-v-li-ion-diam-13-mm-machine-seule-makita-dhp481z-438164?model_id=27781056,Perceuse à percussion 18V Li-Ion BL (machine seule) - MAKITA DHP481Z,MAKITA,€179.60,4.67/5,58
82,https://www.manomano.fr/perceuse-1146/p/pack-12-v-2-produits-perceuse-visseuse-scie-sabre-m12-m12-bpp2c-402b-milwaukee-414534,Lot 12V - perceuse visseuse M12BDD-0 + scie sbare C12HZ-0 MILWAUKEE - 2 batteries 4.0Ah + chargeur C12 + Sac de transport - 4933441230,Unknown,€278.86,4.25/5,4
83,https://www.manomano.fr/perceuse-1146/p/chignole-a-manivelle-a-double-pignon-6430858,Chignole à manivelle à double pignon - 290 mm,SILVERLINE,€12.10,3.56/5,18
84,https://www.manomano.fr/perceuse-1146/p/multisableuse-vonroc-ponceuse-a-main-ponceuse-130w-avec-boite-a-poussiere-et-6-papiers-abrasifs-12362232,"Perceuse à percussion 500W - mandin de serrage rapide pour un changement des embouts et des forets, poignée latérale, butée de profondeur",VONROC,€28.86,4.27/5,26
85,https://www.manomano.fr/perceuse-1146/p/21v-48nm-kit-perceuse-visseuse-sans-fil-perceuse-sans-fil-2-batteries-47069905,21V 48Nm Kit perceuse-visseuse sans fil Perceuse sans fil + 2 batteries,OULIGAY,€53.70,3.5/5,2
86,https://www.manomano.fr/perceuse-1146/p/tournevis-perforateur-sans-fil-au-lithium-21v-greencut-13134663,"Visseuse et perceuse sans fil, batterie au lithium 21V 1.3Ah, vitesse 1500rpm, avec batterie, chargeur et étui inclus - Greencut TD210L-1",GREENCUT,€54.99,3.84/5,68
87,https://www.manomano.fr/perceuse-1146/p/perfo-burineur-sds-108-v-li-ion-4-ah-16-mm-makita-hr166dsmj-3563426,"Perforateur MAKITA HR166DSMJ (2 x 4,0 Ah DC10SB MAKPAC 2)",MAKITA,€282.,4/5,9
88,https://www.manomano.fr/perceuse-1146/p/perceuse-visseuse-108v-dcd710-laser-en-croix-faisceau-rouge-108v-dce088nr-dewalt-dck215d2t-1750748,"Pack 18V perceuse à percussion DCD796 et visseuse à chocs DCF887 (2x5,0 Ah) - DEWALT DCK266P2T",DEWALT,€361.36,4.66/5,53
89,https://www.manomano.fr/perceuse-1146/p/perceuse-visseuse-bl-18v-li-ion-2x-50ah-dans-coffret-makpac-makita-ddf484rtj-39302688,Makita - Perceuse visseuse à batterie 18 V Li-Ion 5 Ah Ø 13 mm - DDF484RTJ -,MAKITA,€352.04,4.32/5,22
90,https://www.manomano.fr/perceuse-1146/p/milwaukee-m18-blpd2-0-perceuse-visseuse-a-percussion-li-ion-18v-machine-seule-moteur-brushless-82nm-37052854,Milwaukee M18 BLPD2-0 - Perceuse visseuse à percussion Li-Ion 18V (machine seule - Moteur brushless - 82Nm,Unknown,€154.99,4/5,4
91,https://www.manomano.fr/perceuse-1146/p/perceuse-visseuse-sans-fil-vpower-20v-sans-batterie-ni-chargeur-2-mandrins-et-coffret-de-rangement-inclus-10333288?model_id=10333288,Perceuse-visseuse sans fil VPower 20V (sans batterie ni chargeur) – 2 mandrins et sac de rangement inclus,VONROC,€39.95,4.46/5,56
92,https://www.manomano.fr/perceuse-1146/p/perceuse-visseuse-percussion-54nm-18v-machine-seule-makita-dhp484z-3056245?model_id=18145391,Makita DHP 484 Z 18V Brushless Li-Ion Perceuse visseuse à percussion sans fil - sans Batterie ni Chargeur,MAKITA,€125.34,4.53/5,93
93,https://www.manomano.fr/perceuse-1146/p/dewalt-dcd771c2-qw-18v-13mm-42nm-perceuse-visseuse-2li-ion-13ah-batteries-et-cas-36234811,"Visseuse - 18 V 1,3 Ah - 2 Batteries - XR - DEWALT, DCD771C2-QW",DEWALT,€187.29,4.54/5,57
94,https://www.manomano.fr/perceuse-1146/p/perceuses-visseuses-sans-fil-gsr-108-2-li-professional-13063796,Perceuse visseuse 12V - BOSCH GSR12V-15 2X4AH,BOSCH,€151.50,4.62/5,195
95,https://www.manomano.fr/perceuse-1146/p/blackpine-perceuse-visseuse-sans-fil-2-x-21v-15000mah-batteries-lithium-29-accessoires-caisse-portable-34078076,BLACKPINE - Perceuse visseuse sans fil 2 X 21V 15000mAh batteries lithium + 29 accessoires + caisse portable,BLACKPINE,€66.99,No Ratings,0
96,https://www.manomano.fr/perceuse-1146/p/pack-perceuse-visseuse-ryobi-18v-oneplus-r18dd3-252s-meuleuse-115mm-18v-r18ag0-scie-sauteuse-pendulaire-18v-r18js-0-2-batteries-chargeur-rapide-r18ck3c-252s-9538811,Pack perceuse-visseuse RYOBI 18V OnePlus R18DD3-252S - Meuleuse 115mm 18V R18AG0 - Scie sauteuse pendulaire 18V R18JS-0 - 2 batteries - chargeur rapide R18CK3C-252S,RYOBI,€335.15,4.5/5,102
97,https://www.manomano.fr/perceuse-1146/p/black-decker-perceuse-visseuse-sans-fil-18v-2x15ah-et-80-accessoires-bdcdc18bafc-44018010,"Perceuse-Visseuse sans fil - 18V - 1,5 Ah - 2 batteries - Chargeur inclus - 80 accessoires - Livrée en mallette (BDCDC18BAFC-QW)",BLACK & DECKER,€99.88,4.08/5,50
98,https://www.manomano.fr/perceuse-1146/p/bosch-perceuse-a-percussion-gsb-21-2-rct-avec-l-boxx-6557650,Perceuse à percussion BOSCH GSB24-2 1100W - Avec coffret - 060119C801,BOSCH,€179.10,4.2/5,25
99,https://www.manomano.fr/perceuse-1146/p/perceuse-visseuse-sans-fil-tc-cd-18-2-li-1675576,Perceuse Visseuse sans fil TC-CD 18-2 Li,EINHELL,€91.67,4.2/5,25
100,https://www.manomano.fr/perceuse-1146/p/perceuse-a-percussion-sans-fil-brushless-2-batteries-9-accessoires-33310444,perceuse à percussion sans fil- Brushless - 2 batteries + 9 accessoires - AE0014,Unknown,€109.99,4/5,2
101,https://www.manomano.fr/perceuse-1146/p/perceuse-visseuse-stanley-fatmax-sfmcd720b-machine-seule-carton-18802022,"Perceuse visseuse sans fil, 18V, , 80 Nm, Moteur Brushless SFMCD720B-XJ - Livré avec 1 Mallette, sans batterie ni chargeur",STANLEY,€121.45,3/5,1
102,https://www.manomano.fr/perceuse-1146/p/perceuse-visseuse-a-percussion-dewalt-18-v-sans-batterie-ni-chargeur-en-coffret-dcd996nt-6075518,Perceuse à Percussion DeWALT DCD996NT (Machine seule TSTAK II),DEWALT,€169.,4.76/5,25
103,https://www.manomano.fr/perceuse-1146/p/total-perceuse-a-percussion-850w-10263967,Total - Perceuse Ã  percussion 850W,TOTAL,€39.90,No Ratings,0
104,https://www.manomano.fr/perceuse-1146/p/perceuse-visseuse-metabo-bs-18-quick-18v-20ah-set-daccessoires-74-pieces-602217880-1222140,Metabo BS 18 QUICK SET (602217880) PERCEUSE VISSEUSE SANS FIL 18V 2X2AH LI ION; CHARGEUR SC 30; COFFRET; ATELIER MOBILE (74 pcs) 602217880,METABO,€174.90,4.62/5,39
105,https://www.manomano.fr/perceuse-1146/p/blackpine-perceuse-percussion-57pcs-kit-daccessoires-perceuse-a-percussion-850w-3000r-pm-perforateur-taille-de-mandrin-0-13mm-34078068,"BLACKPINE - Perceuse Percussion, 57pcs Kit d'accessoires, Perceuse à Percussion 850W 3000R/PM, Perforateur Taille de Mandrin 0-13mm",BLACKPINE,€45.49,2/5,1
106,https://www.manomano.fr/perceuse-1146/p/teeno-13mm-perceuse-a-percussion-710w-20pcs-kit-9259887,TEENO 13mm Perceuse à percussion 710W+ 20pcs Kit,TEENO,€41.99,3.77/5,97
107,https://www.manomano.fr/perceuse-1146/p/milwaukee-perceuse-viceuse-compact-brushless-m18-4933464555-38891678,"Perceuse Visseuse Compacte BRUSHLESS,18V, 60 Nm sans batterie - Milwaukee- M18 CBLDD-0X",Unknown,€119.90,4.29/5,14
108,https://www.manomano.fr/perceuse-1146/p/bosch-perceuse-visseuse-easydrill-1200-2-batteries-15-ah-4203691,"BOSCH Perceuse-visseuse EasyDrill 1200, 2 batteries 1,5 Ah",BOSCH,€107.87,4.26/5,73
109,https://www.manomano.fr/perceuse-1146/p/ferm-pdm1060p-k-perceuse-a-percussion-professionnelle-850w-23376577,FERM PDM1060P_K Perceuse à percussion professionnelle 850W,FERM,€66.99,3/5,1
110,https://www.manomano.fr/perceuse-1146/p/makita-dhp458zj-perceuse-visseuse-a-percussion-sans-fil-en-coffret-makpac-livree-sans-chargeur-batterie-18-v-5059319,Perceuse à percussion 18V Li-Ion LXT (machine seule) en coffret - MAKITA DHP458ZJ,MAKITA,€158.59,3.67/5,3
111,https://www.manomano.fr/perceuse-1146/p/ferm-cdm1132-tournevis-36v-batterie-li-ion-13ah-40194327,FERM CDM1132 Tournevis 3.6V - Batterie Li-Ion 1.3Ah,FERM,€33.99,4.75/5,4
112,https://www.manomano.fr/perceuse-1146/p/perceuse-visseuse-milwaukee-12v-20ah-li-ion-m12bdd202cl-2-batteries-12v-2ah-4933441915-48387071,Perceuse Visseuse MILWAUKEE 12V 2.0Ah Li-Ion M12BDD202CL - 2 Batteries 12V 2Ah - 4933441915,MILWAUKEE,€123.74,4.5/5,109
113,https://www.manomano.fr/perceuse-1146/p/perceuse-visseuse-18v-2x5ah-135nm-hdbox-m18-onedd-milwaukee-59038958-5900508,Perceuse Visseuse Fuel 18V 5Ah Bluetooth M18 ONEDD-502X MILWAUKEE - 4933451149,MILWAUKEE,€499.,No Ratings,0
114,https://www.manomano.fr/perceuse-1146/p/visseuse-perceuse-makita-hp457d-18v-li-ion-g-series-nue-sans-batterie-5437451,Visseuse perceuse percussion MAKITA HP457D 18V li-ion G-series nue sans batterie NON COMPATIBLE LXT,MAKITA,€64.30,4.73/5,30
115,https://www.manomano.fr/perceuse-1146/p/dewalt-perceuse-visseuse-13mm-18v-li-ion-2x2ah-sans-charbon-60nm-dcd790d2-182145,"Perceuse-Visseuse - 18 V 2 Ah Li-Ion - XR - DEWALT, DCD790D2-QW",DEWALT,€250.63,4.78/5,46
116,https://www.manomano.fr/perceuse-1146/p/makita-ddf482z-perceuse-visseuse-li-ion-18v-machine-seule-62nm-31540918,MAKITA Perceuse visseuse 18V DDF482Z solo machine seule,MAKITA,€88.60,4.36/5,72
117,https://www.manomano.fr/perceuse-1146/p/dewalt-dcd776c2-qw-18v-13mm-42nm-perceuse-a-percussion-2li-ion-13ah-batteries-et-cas-35772026,"Perceuse-Visseuse - 18 V 1,3 Ah - 2 Batteries - XR - DEWALT, DCD776C2-QW",DEWALT,€203.30,4.84/5,25
118,https://www.manomano.fr/perceuse-1146/p/visseuse-perceuse-makita-hp457d-18v-li-ion-g-series-nue-sans-batterie-5437451,Visseuse perceuse percussion MAKITA HP457D 18V li-ion G-series nue sans batterie NON COMPATIBLE LXT,MAKITA,€64.30,4.73/5,30
119,https://www.manomano.fr/perceuse-1146/p/dewalt-perceuse-visseuse-13mm-18v-li-ion-2x2ah-sans-charbon-60nm-dcd790d2-182145,"Perceuse-Visseuse - 18 V 2 Ah Li-Ion - XR - DEWALT, DCD790D2-QW",DEWALT,€250.63,4.78/5,46
120,https://www.manomano.fr/perceuse-1146/p/makita-ddf482z-perceuse-visseuse-li-ion-18v-machine-seule-62nm-31540918,MAKITA Perceuse visseuse 18V DDF482Z solo machine seule,MAKITA,€88.60,4.36/5,72
121,https://www.manomano.fr/perceuse-1146/p/dewalt-dcd776c2-qw-18v-13mm-42nm-perceuse-a-percussion-2li-ion-13ah-batteries-et-cas-35772026,"Perceuse-Visseuse - 18 V 1,3 Ah - 2 Batteries - XR - DEWALT, DCD776C2-QW",DEWALT,€203.30,4.84/5,25
122,https://www.manomano.fr/perceuse-1146/p/perceuse-visseuse-milwaukee-fuel-m18-fdd2-0x-sans-batterie-ni-chargeur-4933464266-10167391,Milwaukee M18 FDD2-0X - Perceuse visseuse Li-Ion 18V (machine seule) dans HD Box - moteur brushless - 135Nm,Unknown,€197.99,4.19/5,16
123,https://www.manomano.fr/perceuse-1146/p/perceuse-visseuse-compact-12844752,"Dewalt Perceuse-visseuse sans fil 12V DCD701D2 / 2x batteries 2,0 Ah",DEWALT,€157.82,5/5,9
124,https://www.manomano.fr/perceuse-1146/p/perceuse-visseuse-a-percussion-brushless-ryobi-18v-oneplus-2-batteries-lithiumplus-5ah-2ah-r18pdbl-ll52s-4148300,Perceuse-visseuse à percussion brushless RYOBI 18V OnePlus - 2 batteries LithiumPlus 5Ah - 2Ah - chargeur rapide 2.0Ah - R18PDBL-252S,RYOBI,€239.96,4.16/5,37
125,https://www.manomano.fr/perceuse-1146/p/perceuse-sans-fil-avec-fonction-a-percussion-vpower-20v-20618531?model_id=20608910,Perceuse sans fil avec fonction à percussion VPower 20V,VONROC,€42.95,3.78/5,9
126,https://www.manomano.fr/perceuse-1146/p/chargeur-de-cable-usb-12v-230v-bdcdd12s1-qw-11440202,"BDCDD12S1-QW Perceuse-Visseuse sans fil - 12 V - 1,5 Ah - 1 batterie - Chargeur inclus - Livrée en sac de rangement",BLACK & DECKER,€67.90,No Ratings,0
127,https://www.manomano.fr/perceuse-1146/p/perceuse-visseuse-a-percussion-sans-fil-makita-dhp485rtj-18-v-50-ah-mallette-10091258,"Makita 18V Perceuse visseuse à percussion DHP485RTJ / 2x batterie 5,0 Ah",MAKITA,€266.32,4.22/5,9
128,https://www.manomano.fr/perceuse-1146/p/vilebrequin-280-mm-6374080,"Vilebrequin, 280 mm, 280 Mm",SILVERLINE,€18.74,3.6/5,15
129,https://www.manomano.fr/perceuse-1146/p/perceuse-a-percussion-avec-mallette-metabo-sbev-1000-2-600783500-1010-w-2-vitesses-1-pcs-3133676?model_id=18900488,Perceuse à percussion 1010W Ø13 mm en coffret - METABO SBEV 1000-2 (600783500),METABO,€157.83,4.4/5,40
130,https://www.manomano.fr/perceuse-1146/p/blackdecker-perceuse-a-percussion-beh200k-qs-500-watt-15609306,Perceuse à percussion filaire 500W Black+Decker BEH200K-QS,BLACK & DECKER,€46.24,No Ratings,0
131,https://www.manomano.fr/perceuse-1146/p/perceuse-visseuse-bosch-gsr-18v-60-fc-en-coffret-systeme-flexiclick-06019g7103-32304171?model_id=25687561,BOSCH Perceuses-visseuses sans-fil GSR 18V-60 FC / sans chargeur de batterie sans utiliser L-BOXX,BOSCH,€206.10,4.48/5,25
132,https://www.manomano.fr/perceuse-1146/p/ferm-cdm1120-perceuse-sans-fil-li-ion-18v-15ah-2-batteries-40189756,"FERM CDM1120 Perceuse sans fil Li-ion 18V 1,5Ah - 2 batteries",FERM,€76.99,4/5,8
133,https://www.manomano.fr/perceuse-1146/p/powerpack-18v-brushless-m18-blpp2b2-502x-milwaukee-4933464594-36620862,MILWAUKEE Pack 18V perc. M18 BLDD2 +viss.M18 BLID égal à M18 BLPP2B2-502X,MILWAUKEE,€471.74,3.71/5,21
134,https://www.manomano.fr/perceuse-1146/p/dewalt-dcd780m2-tournevis-18v-34503648,"Perceuse-Visseuse - 18 V 4 Ah- 2 Batteries - XR - DEWALT, DCD780M2-QW",DEWALT,€296.65,4.24/5,37
135,https://www.manomano.fr/perceuse-1146/p/perceuse-visseuse-makita-dhp453-18v-nue-sans-batterie-49046446,"Makita DHP453Z - 1,3 cm - 1,3 cm - 3,6 cm - 42 N·m - 27 N·m - 6000 bpm (DHP453Z)",MAKITA,€68.74,4.44/5,43
136,https://www.manomano.fr/perceuse-1146/p/black-decker-bdcdd12-perceuse-visseuse-sans-fil-108v-1487047,"BDCDD12-QW Perceuse-Visseuse sans fil 12 V max 1,5 Ah - 1 batterie - Chargeur inclus",BLACK & DECKER,€68.63,5/5,2
137,https://www.manomano.fr/perceuse-1146/p/makita-perceuse-visseuse-144-v-sans-batterie-sans-chargeur-ddf446z-11156069,"MAKITA DDF446Z PERCEUSE À 2 VITESSES SANS FIL LXT 14,4 V LI-ION BOÎTIER NU",MAKITA,€75.93,4.48/5,25
138,https://www.manomano.fr/perceuse-1146/p/perceuse-a-percussion-1100w-stanley-fatmax-2-vitesses-valise-18353660,Perceuse à percussion 2 vitesses 1100w - STANLEY Fatmax FMEH1100K-QS,STANLEY,€170.23,5/5,1
139,https://www.manomano.fr/perceuse-1146/p/bl186k1b2-qw-perceuse-visseuse-sans-fil-18-v-brushless-2-ah-2-batteries-2-vitesses-livree-en-mallette-7223177,BL186K1B2-QW Perceuse-Visseuse sans fil - 18 V Brushless - 2 Ah - 2 batteries - 2 vitesses - Livrée en mallette,BLACK & DECKER,€151.58,3/5,1
140,https://www.manomano.fr/perceuse-1146/p/skil-6221-aa-perceuse-visseuse-energy-line-37103482,"Skil Perceuse-visseuse 6221 AA, mandrin 10 mm, foret 0,9 A, avec câble",SKIL,€59.19,4.08/5,12
141,https://www.manomano.fr/perceuse-1146/p/vonroc-perceuse-sans-fil-16v-batterie-15ah-chargeur-rapide-2-embouts-de-visseuse-et-sac-de-rangement-inclus-cd504dc-16110256,"Perceuse sans fil 16V – 1 batterie 1.5Ah, 1 chargeur rapide, 2 embouts de visseuse et sac de rangement inclus – CD504DC",VONROC,€42.95,4.03/5,32
142,https://www.manomano.fr/perceuse-1146/p/ryobi-perceuse-visseuse-18v-one-sans-batterie-ni-chargeur-r18dd3-0-40190809,Perceuse-visseuse RYOBI 18V OnePlus sans batterie ni chargeur R18DD3-0,RYOBI,€94.99,4.55/5,33
143,https://www.manomano.fr/perceuse-1146/p/black-decker-perceuse-a-percussion-500-watts-beh200-qs-black-decker-11290517,Perceuse à percussion filaire 500W BLACK+DECKER BEH200-QS,BLACK & DECKER,€54.99,4.13/5,8
144,https://www.manomano.fr/perceuse-1146/p/scie-recipro-18-v-li-ion-5-ah-makita-djr187rte-2199053,"Scie sabre MAKITA 18 V Li-Ion 5 Ah - 2 Batteries, chargeur en coffret - DJR187RTE",MAKITA,€474.23,4.86/5,7
145,https://www.manomano.fr/perceuse-1146/p/marteau-perforateur-ryobi-18v-oneplus-1-batterie-lithiumplus-25ah-1-chargeur-rapide-r18sds-125s-10322292,"RYOBI R18SDS - 125S - Marteau perforateur 18V 1,3J - SDS+ 1 x 2,5 Ah",RYOBI,€225.,4.48/5,23
146,https://www.manomano.fr/perceuse-1146/p/ferm-perceuse-a-percussion-800-w-13-mm-pdm1052-4198538,FERM PDM1052 Perceuse à percussion 800W,FERM,€43.99,3.75/5,16
147,https://www.manomano.fr/perceuse-1146/p/perceuse-a-percussion-metabo-2-batteries-18v-20ah-chargeur-avec-set-daccessoires-602317870-6346056?model_id=6346056,"Metabo SB 18 L Mobile Workshop - Set perceuse visseuse Li-Ion 18V (2x batterie 2,0Ah) dans coffret - 50Nm - incl accessoires (73pcs)",METABO,€180.42,4.35/5,79
148,https://www.manomano.fr/perceuse-1146/p/dewalt-perceuse-visseuse-percussion-bluetooth-18v-xrp-dcd996p2b-2600822,"Perceuse-Visseuse à Percussion - 18 V - 2 Batteries Bluetooth - XR - DEWALT, DCD997P2B-QW",DEWALT,€649.04,4.17/5,6
149,https://www.manomano.fr/perceuse-1146/p/visseuse-perceuse-compacte-hikoki-hitachi-18v-li-ion-ds18dd-brushless-nue-sans-batterie-35277326,Visseuse perceuse compacte Brushless HIKOKI HITACHI 18V li-ion DS18DDW2Z nue dans coffret,HIKOKI,€130.,5/5,4
150,https://www.manomano.fr/perceuse-1146/p/visseuse-perceuse-makita-df347d-144v-li-ion-g-series-nue-sans-batterie-10090178,"Visseuse perceuse MAKITA DF347D 14,4V li-ion G-series nue sans batterie NON COMPATIBLE LXT",MAKITA,€49.22,4.2/5,15
151,https://www.manomano.fr/perceuse-1146/p/total-perceuse-sans-fil-avec-2-batteries-20-v-14544829,Total - Perceuse sans fil avec 2 batteries 20 V,TOTAL,€69.,No Ratings,0
152,https://www.manomano.fr/perceuse-1146/p/visseuse-perceuse-18v-li-ion-hikoki-brushless-ds18dbsl-nue-sans-batterie-40646781,Visseuse perceuse 18V li-ion HIKOKI Brushless DS18DBSL nue sans batterie,HIKOKI,€137.50,4.2/5,5
153,https://www.manomano.fr/perceuse-1146/p/stanley-fatmax-perceuse-a-percussion-850w-45j-fmeh850k-qs-47182386,Stanley Fatmax - Perceuse à percussion 850W 45J - FMEH850K-QS -,STANLEY,€153.37,No Ratings,0
154,https://www.manomano.fr/perceuse-1146/p/perceuse-percussion-milwaukee-m12-fuel-13mm-12v-2-batteries-4ah-chargeur-en-hd-box-m12-fpd-402x-48387083,"Perceuse à percussion Milwaukee M12 FUEL 13mm, 12V, 2 batteries 4Ah, chargeur, en HD Box - M12 FPD-402X",MILWAUKEE,€229.90,4.43/5,28
155,https://www.manomano.fr/perceuse-1146/p/bdcdd12usb-xj-perceuse-visseuse-sans-fil-12-v-sans-batterie-5834416,Perceuse visseuse 12V USB (sans batterie) Black+Decker BDCDD12USB-XJ,BLACK & DECKER,€47.29,1/5,1
156,https://www.manomano.fr/perceuse-1146/p/visseuse-perceuse-ryobi-18v-li-ion-one-r18dd3-nue-sans-batterie-28084561,Visseuse perceuse RYOBI 18V li-ion ONE+ R18DD3 nue sans batterie,RYOBI,€79.82,4.33/5,3
157,https://www.manomano.fr/perceuse-1146/p/ferm-perceuse-electrique-450-w-10-mm-pdm1048p-4022642,FERM PDM1048P Perceuse vissueuse électrique 450W - 10mm,FERM,€36.99,3.67/5,3
158,https://www.manomano.fr/perceuse-1146/p/makita-perceuse-visseuse-percussion-18-v-5-ah-dhp458rtj-40651769,MAKITA Perceuse visseuse percussion 18 V 5 Ah - DHP458RTJ,MAKITA,€358.60,4.64/5,14
159,https://www.manomano.fr/perceuse-1146/p/ferm-cdm1119-perceuse-sans-fil-li-ion-12v-15ah-2-batteries-2774440,FERM CDM1119 Perceuse sans fil 12V - 2 batteries Li-Ion 1.5Ah incluses,FERM,€65.99,3.78/5,9
160,https://www.manomano.fr/perceuse-1146/p/tournevis-72-v-df010dse-makita-51743,"Makita Visseuse articulée sans fil 7,2 V DF012DSE / 2x batteries de 1,5 Ah",MAKITA,€134.65,4.63/5,8
161,https://www.manomano.fr/perceuse-1146/p/black-decker-perceuse-a-percussion-710-watts-11413326,Perceuse à percussion filaire 710W BLACK+DECKER BEH710-QS,BLACK & DECKER,€69.99,5/5,1
162,https://www.manomano.fr/perceuse-1146/p/pack-perceuse-visseuse-a-percussion-ryobi-18v-meuleuse-dangle-oneplus-18v-1-batterie-18v-20-ah-1-batterie-18v-40-ah-1-chargeur-r18pdag-242s-7526576,Kit perceuse et meuleuse sans fil 18V Ryobi R18PDAG-242S - -,RYOBI,€259.,4.15/5,20
163,https://www.manomano.fr/perceuse-1146/p/blackdecker-perceuse-visseuse-percussion-18v-batterie-lithium-mandrin-bdchd18k-1949560,"BDCHD18K-QW Perceuse à percussion sans fil - 18 V - 1,5 Ah - 2 vitesses - 1 batterie - Chargeur inclus - Livrée en coffret",BLACK & DECKER,€122.37,4.58/5,12
164,https://www.manomano.fr/perceuse-1146/p/perceuse-visseuse-dewalt-dcd796-18v-2-x-5ah-4846338,PERCEUSE VISSEUSE DEWALT DCD796 18v (2 x 5Ah),Unknown,€319.,4.34/5,29
165,https://www.manomano.fr/perceuse-1146/p/metabo-perceuse-a-percussion-650-watts-a-variateur-electronique-sbe-650-2364931,Déstock - Metabo - Perceuse à percussion 650W 9Nm - SBE 650 -,METABO,€122.06,4.5/5,2
166,https://www.manomano.fr/perceuse-1146/p/mandrin-d-angle-90-45367,Mandrin d'angle à 90° autoserrant pr toute perceuse,RIBIMEX,€13.18,4.3/5,30
167,https://www.manomano.fr/perceuse-1146/p/perceuse-visseuse-18v-25ah-li-ion-hikoki-2-batteries-coffret-alu-100-accessoires-kc18djlfz-40188564,Perceuse Visseuse 18V 2.5Ah Li-Ion HIKOKI - 2 batteries + Coffret alu 100 accessoires - KC18DJLFZ,HIKOKI,€238.80,4.27/5,73
168,https://www.manomano.fr/perceuse-1146/p/ferm-pdm1061p-k-perceuse-a-percussion-professionnelle-1100w-24516859,FERM PDM1061P_K Perceuse à percussion professionnelle 1100W,FERM,€86.99,No Ratings,0
169,https://www.manomano.fr/perceuse-1146/p/perceuse-visseuse-a-percussion-sans-fil-18v-livree-avec-2-batteries-4ah-li-ion-en-coffret-m18bpd-402c-milwaukee-4933443520-413096,Pack Perceuse Percussion 2 batteries 18 Volts M18 BPD-402C (4933443520),MILWAUKEE,€219.89,4.55/5,95
